-- phpMyAdmin SQL Dump
-- version 5.2.0
-- https://www.phpmyadmin.net/
--
-- Host: localhost
-- Generation Time: Nov 30, 2022 at 02:19 PM
-- Server version: 10.4.25-MariaDB
-- PHP Version: 8.1.10

SET SQL_MODE = "NO_AUTO_VALUE_ON_ZERO";
START TRANSACTION;
SET time_zone = "+00:00";


/*!40101 SET @OLD_CHARACTER_SET_CLIENT=@@CHARACTER_SET_CLIENT */;
/*!40101 SET @OLD_CHARACTER_SET_RESULTS=@@CHARACTER_SET_RESULTS */;
/*!40101 SET @OLD_COLLATION_CONNECTION=@@COLLATION_CONNECTION */;
/*!40101 SET NAMES utf8mb4 */;

--
-- Database: `organization`
--

-- --------------------------------------------------------

--
-- Table structure for table `designations`
--

CREATE TABLE `designations` (
  `id` bigint(20) UNSIGNED NOT NULL,
  `description` varchar(50) NOT NULL CHECK (`description` <> '')
) ENGINE=InnoDB DEFAULT CHARSET=utf8mb4;

--
-- Dumping data for table `designations`
--

INSERT INTO `designations` (`id`, `description`) VALUES
(1, 'Chief Executive Officer(CEO)'),
(2, 'Human Resources'),
(3, 'Software Developer'),
(4, 'Test Engineer'),
(5, 'SDE Intern');

-- --------------------------------------------------------

--
-- Table structure for table `employees`
--

CREATE TABLE `employees` (
  `id` bigint(20) UNSIGNED NOT NULL,
  `surname` varchar(20) NOT NULL CHECK (`surname` <> ''),
  `firstname` varchar(20) NOT NULL CHECK (`firstname` <> ''),
  `lastname` varchar(20) NOT NULL CHECK (`lastname` <> ''),
  `date_of_joining` date NOT NULL,
  `date_of_birth` date NOT NULL,
  `gender` varchar(20) NOT NULL CHECK (`gender` <> ''),
  `phone` varchar(10) NOT NULL CHECK (`phone` <> ''),
  `working_status_id` int(11) DEFAULT NULL,
  `designation_id` int(11) DEFAULT NULL,
  `location_id` int(11) DEFAULT NULL,
  `gross_salary` int(11) NOT NULL CHECK (`gross_salary` > 0),
  `created_at` timestamp NOT NULL DEFAULT current_timestamp()
) ENGINE=InnoDB DEFAULT CHARSET=utf8mb4;

--
-- Dumping data for table `employees`
--

INSERT INTO `employees` (`id`, `surname`, `firstname`, `lastname`, `date_of_joining`, `date_of_birth`, `gender`, `phone`, `working_status_id`, `designation_id`, `location_id`, `gross_salary`, `created_at`) VALUES
(1, 'Mr.', 'Elon', 'Must', '2022-11-11', '1970-12-15', 'Male', '9316235665', 1, 1, 1, 200000, '2022-11-29 06:54:45'),
(2, 'Mr.', 'Lalit', 'Modi', '2003-05-31', '1965-08-25', 'Male', '9645235688', 2, 1, 2, 250000, '2022-11-29 06:55:44'),
(3, 'Mr.', 'Devinder', 'Sharma', '2005-01-21', '1981-12-15', 'Male', '9153235655', 1, 2, 4, 100000, '2022-11-29 06:55:44'),
(4, 'Mrs.', 'Meghna', 'Sharma', '2008-06-05', '1986-05-29', 'Female', '8965662323', 1, 3, 1, 105000, '2022-11-29 06:55:44'),
(5, 'Mr.', 'Nawaz', 'Uddin', '2015-06-19', '1988-02-26', 'Male', '9356598165', 1, 2, 5, 70000, '2022-11-29 06:55:44'),
(6, 'Mrs.', 'Deepika', 'Singh', '2022-07-30', '1988-01-19', 'Female', '7568962569', 1, 2, 6, 40000, '2022-11-29 06:55:44'),
(7, 'Mr.', 'Vikram', 'Singh', '2002-09-16', '1962-08-28', 'Male', '9312389632', 3, 2, 3, 100000, '2022-11-29 06:55:44'),
(8, 'Ms.', 'Rakhi', 'Saawant', '2019-04-22', '1980-10-28', 'Female', '8965212156', 4, 4, 2, 60000, '2022-11-29 06:55:44'),
(9, 'Mr.', 'Satish', 'Naik', '2022-05-11', '1999-05-01', 'Male', '9155132658', 1, 5, 1, 10000, '2022-11-29 06:55:44'),
(10, 'Mrs.', 'Sakshi', 'Malik', '2017-12-31', '1977-03-12', 'Female', '9854215436', 1, 4, 6, 130000, '2022-11-29 06:55:44'),
(11, 'Mr.', 'Riyaz', 'Khan', '2012-09-22', '1983-03-19', 'Male', '8657788323', 1, 3, 1, 110000, '2022-11-29 06:55:44'),
(12, 'Mr.', 'Karthik', 'Aryan', '2018-11-22', '1976-02-26', 'Male', '8526366365', 2, 3, 5, 90000, '2022-11-29 06:55:44'),
(13, 'Ms.', 'Samantha', 'Prabhu', '2021-08-10', '1978-04-29', 'Female', '6335662569', 1, 2, 1, 85000, '2022-11-29 06:55:44'),
(14, 'Mrs.', 'Shruti', 'Kohli', '2011-03-17', '1984-02-24', 'Female', '7895629632', 4, 3, 5, 105000, '2022-11-29 06:55:44'),
(15, 'Mr.', 'Sai', 'Kiran', '2022-11-01', '1998-10-28', 'Male', '8565655156', 1, 5, 2, 10000, '2022-11-29 06:55:44'),
(16, 'Mr.', 'Pankaj', 'Tripathi', '2018-11-21', '1967-03-25', 'Male', '9155689656', 1, 3, 6, 80000, '2022-11-29 06:55:44'),
(17, 'Mr.', 'Phoolchand', 'Tripathi', '2020-03-12', '1991-05-14', 'Male', '9664426263', 1, 4, 3, 45000, '2022-11-29 06:55:44'),
(18, 'Mrs.', 'Sweety', 'Pandit', '2017-09-18', '1989-04-07', 'Female', '9416496663', 2, 2, 5, 50000, '2022-11-29 06:55:44'),
(19, 'Mr.', 'Shaik', 'Ashraf', '2021-08-01', '1996-05-16', 'Male', '9235896697', 4, 3, 4, 50000, '2022-11-29 06:55:44'),
(20, 'Ms.', 'Sai', 'Pallavi', '2022-11-01', '1999-09-04', 'Female', '7569715539', 1, 5, 2, 10000, '2022-11-29 06:55:44');

-- --------------------------------------------------------

--
-- Table structure for table `locations`
--

CREATE TABLE `locations` (
  `id` bigint(20) UNSIGNED NOT NULL,
  `district` varchar(50) NOT NULL CHECK (`district` <> '')
) ENGINE=InnoDB DEFAULT CHARSET=utf8mb4;

--
-- Dumping data for table `locations`
--

INSERT INTO `locations` (`id`, `district`) VALUES
(1, 'Hyderabad'),
(2, 'Warangal'),
(3, 'Sangareddy'),
(4, 'Medak'),
(5, 'Karimnagar'),
(6, 'Rangareddy');

-- --------------------------------------------------------

--
-- Table structure for table `salaries`
--

CREATE TABLE `salaries` (
  `id` bigint(20) UNSIGNED NOT NULL,
  `employee_id` int(11) DEFAULT NULL,
  `for_month` date NOT NULL,
  `paid_on` date NOT NULL,
  `gross_salary` int(11) DEFAULT NULL,
  `deductions` int(11) DEFAULT NULL,
  `net_salary` int(11) NOT NULL,
  `created_at` timestamp NOT NULL DEFAULT current_timestamp()
) ENGINE=InnoDB DEFAULT CHARSET=utf8mb4;

--
-- Dumping data for table `salaries`
--

INSERT INTO `salaries` (`id`, `employee_id`, `for_month`, `paid_on`, `gross_salary`, `deductions`, `net_salary`, `created_at`) VALUES
(1, 2, '2022-08-01', '2022-09-04', 250000, 45000, 205000, '2022-11-29 07:01:32'),
(2, 3, '2022-08-01', '2022-09-04', 100000, 18000, 82000, '2022-11-29 07:01:32'),
(3, 4, '2022-08-01', '2022-09-04', 105000, 18900, 86100, '2022-11-29 07:01:32'),
(4, 5, '2022-08-01', '2022-09-04', 70000, 12600, 57400, '2022-11-29 07:01:32'),
(5, 6, '2022-08-01', '2022-09-04', 40000, 3000, 37000, '2022-11-29 07:01:32'),
(6, 7, '2022-08-01', '2022-09-04', 100000, 18000, 82000, '2022-11-29 07:01:32'),
(7, 9, '2022-08-01', '2022-09-04', 10000, 0, 10000, '2022-11-29 07:01:32'),
(8, 10, '2022-08-01', '2022-09-04', 130000, 23400, 106600, '2022-11-29 07:01:32'),
(9, 11, '2022-08-01', '2022-09-04', 110000, 19800, 90200, '2022-11-29 07:01:32'),
(10, 13, '2022-08-01', '2022-09-04', 85000, 15300, 69700, '2022-11-29 07:01:32'),
(11, 16, '2022-08-01', '2022-09-04', 80000, 14400, 65600, '2022-11-29 07:01:32'),
(12, 17, '2022-08-01', '2022-09-04', 45000, 8100, 36900, '2022-11-29 07:01:32'),
(13, 2, '2022-09-01', '2022-10-01', 250000, 45000, 205000, '2022-11-29 07:02:25'),
(14, 3, '2022-09-01', '2022-10-01', 100000, 18000, 82000, '2022-11-29 07:02:25'),
(15, 4, '2022-09-01', '2022-10-01', 105000, 18900, 86100, '2022-11-29 07:02:25'),
(16, 5, '2022-09-01', '2022-10-01', 70000, 12600, 57400, '2022-11-29 07:02:25'),
(17, 6, '2022-09-01', '2022-10-01', 40000, 3000, 37000, '2022-11-29 07:02:25'),
(18, 9, '2022-09-01', '2022-10-01', 10000, 0, 10000, '2022-11-29 07:02:25'),
(19, 10, '2022-09-01', '2022-10-01', 130000, 23400, 106600, '2022-11-29 07:02:25'),
(20, 11, '2022-09-01', '2022-10-01', 110000, 19800, 90200, '2022-11-29 07:02:25'),
(21, 13, '2022-09-01', '2022-10-01', 85000, 15300, 69700, '2022-11-29 07:02:25'),
(22, 16, '2022-09-01', '2022-10-01', 80000, 14400, 65600, '2022-11-29 07:02:25'),
(23, 17, '2022-09-01', '2022-10-01', 45000, 8100, 36900, '2022-11-29 07:02:25'),
(24, 3, '2022-10-01', '2022-11-02', 100000, 18000, 82000, '2022-11-29 07:02:25'),
(25, 4, '2022-10-01', '2022-11-02', 105000, 18900, 86100, '2022-11-29 07:02:25'),
(26, 5, '2022-10-01', '2022-11-02', 70000, 12600, 57400, '2022-11-29 07:02:25'),
(27, 6, '2022-10-01', '2022-11-02', 40000, 3000, 37000, '2022-11-29 07:02:25'),
(28, 9, '2022-10-01', '2022-11-02', 10000, 0, 10000, '2022-11-29 07:02:25'),
(29, 10, '2022-10-01', '2022-11-02', 130000, 23400, 106600, '2022-11-29 07:02:25'),
(30, 11, '2022-10-01', '2022-11-02', 110000, 19800, 90200, '2022-11-29 07:02:25'),
(31, 13, '2022-10-01', '2022-11-02', 85000, 15300, 69700, '2022-11-29 07:02:25'),
(32, 16, '2022-10-01', '2022-11-02', 80000, 14400, 65600, '2022-11-29 07:02:25'),
(33, 17, '2022-10-01', '2022-11-02', 45000, 8100, 36900, '2022-11-29 07:02:25');

-- --------------------------------------------------------

--
-- Table structure for table `salary_components`
--

CREATE TABLE `salary_components` (
  `id` bigint(20) UNSIGNED NOT NULL,
  `description` varchar(25) NOT NULL CHECK (`description` <> ''),
  `type` varchar(25) NOT NULL CHECK (`type` <> '')
) ENGINE=InnoDB DEFAULT CHARSET=utf8mb4;

--
-- Dumping data for table `salary_components`
--

INSERT INTO `salary_components` (`id`, `description`, `type`) VALUES
(1, 'Basic Pay', 'Earning'),
(2, 'DA', 'Earning'),
(3, 'HRA', 'Earning'),
(4, 'CA', 'Earning'),
(5, 'Medical Allowance', 'Earning'),
(6, 'Bonus', 'Earning'),
(7, 'TDS', 'Deduction'),
(8, 'PF', 'Deduction');

-- --------------------------------------------------------

--
-- Table structure for table `salary_details`
--

CREATE TABLE `salary_details` (
  `id` bigint(20) UNSIGNED NOT NULL,
  `salary_id` int(11) DEFAULT NULL,
  `salary_component_id` int(11) DEFAULT NULL,
  `amount` int(11) NOT NULL,
  `created_at` timestamp NOT NULL DEFAULT current_timestamp()
) ENGINE=InnoDB DEFAULT CHARSET=utf8mb4;

--
-- Dumping data for table `salary_details`
--

INSERT INTO `salary_details` (`id`, `salary_id`, `salary_component_id`, `amount`, `created_at`) VALUES
(1, 1, 1, 180000, '2022-11-29 07:04:11'),
(2, 1, 2, 10000, '2022-11-29 07:04:11'),
(3, 1, 3, 25000, '2022-11-29 07:04:11'),
(4, 1, 4, 10000, '2022-11-29 07:04:11'),
(5, 1, 5, 15000, '2022-11-29 07:04:11'),
(6, 1, 6, 10000, '2022-11-29 07:04:11'),
(7, 1, 7, 22500, '2022-11-29 07:04:11'),
(8, 1, 8, 22500, '2022-11-29 07:04:11'),
(9, 2, 1, 71000, '2022-11-29 07:04:11'),
(10, 2, 2, 5000, '2022-11-29 07:04:11'),
(11, 2, 3, 15000, '2022-11-29 07:04:11'),
(12, 2, 4, 4000, '2022-11-29 07:04:11'),
(13, 2, 5, 5000, '2022-11-29 07:04:11'),
(14, 2, 7, 9000, '2022-11-29 07:04:11'),
(15, 2, 8, 9000, '2022-11-29 07:04:11'),
(16, 3, 1, 72000, '2022-11-29 07:04:11'),
(17, 3, 2, 5000, '2022-11-29 07:04:11'),
(18, 3, 3, 15000, '2022-11-29 07:04:11'),
(19, 3, 4, 5000, '2022-11-29 07:04:11'),
(20, 3, 5, 6000, '2022-11-29 07:04:11'),
(21, 3, 6, 2000, '2022-11-29 07:04:11'),
(22, 3, 7, 9450, '2022-11-29 07:04:11'),
(23, 3, 8, 9450, '2022-11-29 07:04:11'),
(24, 4, 1, 50000, '2022-11-29 07:04:11'),
(25, 4, 3, 10000, '2022-11-29 07:04:11'),
(26, 4, 4, 2000, '2022-11-29 07:04:11'),
(27, 4, 5, 5000, '2022-11-29 07:04:11'),
(28, 4, 6, 3000, '2022-11-29 07:04:11'),
(29, 4, 7, 6300, '2022-11-29 07:04:11'),
(30, 4, 8, 6300, '2022-11-29 07:04:11'),
(31, 5, 1, 35000, '2022-11-29 07:04:11'),
(32, 5, 5, 2000, '2022-11-29 07:04:11'),
(33, 5, 8, 3000, '2022-11-29 07:04:11'),
(34, 6, 1, 70000, '2022-11-29 07:04:11'),
(35, 6, 2, 4000, '2022-11-29 07:04:11'),
(36, 6, 3, 12000, '2022-11-29 07:04:11'),
(37, 6, 4, 5000, '2022-11-29 07:04:11'),
(38, 6, 5, 5000, '2022-11-29 07:04:11'),
(39, 6, 6, 4000, '2022-11-29 07:04:11'),
(40, 6, 7, 9000, '2022-11-29 07:04:11'),
(41, 6, 8, 9000, '2022-11-29 07:04:11'),
(42, 7, 1, 10000, '2022-11-29 07:04:11'),
(43, 8, 1, 92000, '2022-11-29 07:04:11'),
(44, 8, 2, 5000, '2022-11-29 07:04:11'),
(45, 8, 3, 15000, '2022-11-29 07:04:11'),
(46, 8, 4, 6000, '2022-11-29 07:04:11'),
(47, 8, 5, 8000, '2022-11-29 07:04:11'),
(48, 8, 6, 4000, '2022-11-29 07:04:11'),
(49, 8, 7, 11700, '2022-11-29 07:04:11'),
(50, 8, 8, 11700, '2022-11-29 07:04:11'),
(51, 9, 1, 75000, '2022-11-29 07:04:11'),
(52, 9, 2, 5000, '2022-11-29 07:04:11'),
(53, 9, 3, 15000, '2022-11-29 07:04:11'),
(54, 9, 4, 5000, '2022-11-29 07:04:11'),
(55, 9, 5, 7000, '2022-11-29 07:04:11'),
(56, 9, 6, 3000, '2022-11-29 07:04:11'),
(57, 9, 7, 9900, '2022-11-29 07:04:11'),
(58, 9, 8, 9900, '2022-11-29 07:04:11'),
(59, 10, 1, 65000, '2022-11-29 07:04:11'),
(60, 10, 2, 3000, '2022-11-29 07:04:11'),
(61, 10, 3, 10000, '2022-11-29 07:04:11'),
(62, 10, 4, 2000, '2022-11-29 07:04:11'),
(63, 10, 5, 5000, '2022-11-29 07:04:11'),
(64, 10, 7, 7650, '2022-11-29 07:04:11'),
(65, 10, 8, 7650, '2022-11-29 07:04:11'),
(66, 11, 1, 60000, '2022-11-29 07:04:11'),
(67, 11, 2, 3000, '2022-11-29 07:04:11'),
(68, 11, 3, 13000, '2022-11-29 07:04:11'),
(69, 11, 5, 4000, '2022-11-29 07:04:11'),
(70, 11, 7, 7200, '2022-11-29 07:04:11'),
(71, 11, 8, 7200, '2022-11-29 07:04:11'),
(72, 12, 1, 40000, '2022-11-29 07:04:11'),
(73, 12, 5, 5000, '2022-11-29 07:04:11'),
(74, 12, 7, 4050, '2022-11-29 07:04:11'),
(75, 12, 8, 4050, '2022-11-29 07:04:11'),
(76, 13, 1, 180000, '2022-11-29 07:04:11'),
(77, 13, 2, 10000, '2022-11-29 07:04:11'),
(78, 13, 3, 25000, '2022-11-29 07:04:11'),
(79, 13, 4, 10000, '2022-11-29 07:04:11'),
(80, 13, 5, 15000, '2022-11-29 07:04:11'),
(81, 13, 6, 10000, '2022-11-29 07:04:11'),
(82, 13, 7, 22500, '2022-11-29 07:04:11'),
(83, 13, 8, 22500, '2022-11-29 07:04:11'),
(84, 14, 1, 71000, '2022-11-29 07:04:11'),
(85, 14, 2, 5000, '2022-11-29 07:04:11'),
(86, 14, 3, 15000, '2022-11-29 07:04:11'),
(87, 14, 4, 4000, '2022-11-29 07:04:11'),
(88, 14, 5, 5000, '2022-11-29 07:04:11'),
(89, 14, 7, 9000, '2022-11-29 07:04:11'),
(90, 14, 8, 9000, '2022-11-29 07:04:11'),
(91, 15, 1, 72000, '2022-11-29 07:04:11'),
(92, 15, 2, 5000, '2022-11-29 07:04:11'),
(93, 15, 3, 15000, '2022-11-29 07:04:11'),
(94, 15, 4, 5000, '2022-11-29 07:04:11'),
(95, 15, 5, 6000, '2022-11-29 07:04:11'),
(96, 15, 6, 2000, '2022-11-29 07:04:11'),
(97, 15, 7, 9450, '2022-11-29 07:04:11'),
(98, 15, 8, 9450, '2022-11-29 07:04:11'),
(99, 16, 1, 50000, '2022-11-29 07:04:11'),
(100, 16, 3, 10000, '2022-11-29 07:04:11'),
(101, 16, 4, 2000, '2022-11-29 07:04:11'),
(102, 16, 5, 5000, '2022-11-29 07:04:11'),
(103, 16, 6, 3000, '2022-11-29 07:04:11'),
(104, 16, 7, 6300, '2022-11-29 07:04:11'),
(105, 16, 8, 6300, '2022-11-29 07:04:11'),
(106, 17, 1, 35000, '2022-11-29 07:04:11'),
(107, 17, 5, 2000, '2022-11-29 07:04:11'),
(108, 17, 8, 3000, '2022-11-29 07:04:11'),
(109, 18, 1, 10000, '2022-11-29 07:04:11'),
(110, 19, 1, 92000, '2022-11-29 07:04:11'),
(111, 19, 2, 5000, '2022-11-29 07:04:11'),
(112, 19, 3, 15000, '2022-11-29 07:04:11'),
(113, 19, 4, 6000, '2022-11-29 07:04:11'),
(114, 19, 5, 8000, '2022-11-29 07:04:11'),
(115, 19, 6, 4000, '2022-11-29 07:04:11'),
(116, 19, 7, 11700, '2022-11-29 07:04:11'),
(117, 19, 8, 11700, '2022-11-29 07:04:11'),
(118, 20, 1, 75000, '2022-11-29 07:04:11'),
(119, 20, 2, 5000, '2022-11-29 07:04:11'),
(120, 20, 3, 15000, '2022-11-29 07:04:11'),
(121, 20, 4, 5000, '2022-11-29 07:04:11'),
(122, 20, 5, 7000, '2022-11-29 07:04:11'),
(123, 20, 6, 3000, '2022-11-29 07:04:11'),
(124, 20, 7, 9900, '2022-11-29 07:04:11'),
(125, 20, 8, 9900, '2022-11-29 07:04:11'),
(126, 21, 1, 65000, '2022-11-29 07:04:11'),
(127, 21, 2, 3000, '2022-11-29 07:04:11'),
(128, 21, 3, 10000, '2022-11-29 07:04:11'),
(129, 21, 4, 2000, '2022-11-29 07:04:11'),
(130, 21, 5, 5000, '2022-11-29 07:04:11'),
(131, 21, 7, 7650, '2022-11-29 07:04:11'),
(132, 21, 8, 7650, '2022-11-29 07:04:11'),
(133, 22, 1, 60000, '2022-11-29 07:04:11'),
(134, 22, 2, 3000, '2022-11-29 07:04:11'),
(135, 22, 3, 13000, '2022-11-29 07:04:11'),
(136, 22, 5, 4000, '2022-11-29 07:04:11'),
(137, 22, 7, 7200, '2022-11-29 07:04:11'),
(138, 22, 8, 7200, '2022-11-29 07:04:11'),
(139, 23, 1, 40000, '2022-11-29 07:04:11'),
(140, 23, 5, 5000, '2022-11-29 07:04:11'),
(141, 23, 7, 4050, '2022-11-29 07:04:11'),
(142, 23, 8, 4050, '2022-11-29 07:04:11'),
(143, 24, 1, 71000, '2022-11-29 07:04:11'),
(144, 24, 2, 5000, '2022-11-29 07:04:11'),
(145, 24, 3, 15000, '2022-11-29 07:04:11'),
(146, 24, 4, 4000, '2022-11-29 07:04:11'),
(147, 24, 5, 5000, '2022-11-29 07:04:11'),
(148, 24, 7, 9000, '2022-11-29 07:04:11'),
(149, 24, 8, 9000, '2022-11-29 07:04:11'),
(150, 25, 1, 72000, '2022-11-29 07:04:11'),
(151, 25, 2, 5000, '2022-11-29 07:04:11'),
(152, 25, 3, 15000, '2022-11-29 07:04:11'),
(153, 25, 4, 5000, '2022-11-29 07:04:11'),
(154, 25, 5, 6000, '2022-11-29 07:04:11'),
(155, 25, 6, 2000, '2022-11-29 07:04:11'),
(156, 25, 7, 9450, '2022-11-29 07:04:11'),
(157, 25, 8, 9450, '2022-11-29 07:04:11'),
(158, 26, 1, 50000, '2022-11-29 07:04:11'),
(159, 26, 3, 10000, '2022-11-29 07:04:11'),
(160, 26, 4, 2000, '2022-11-29 07:04:11'),
(161, 26, 5, 5000, '2022-11-29 07:04:11'),
(162, 26, 6, 3000, '2022-11-29 07:04:11'),
(163, 26, 7, 6300, '2022-11-29 07:04:11'),
(164, 26, 8, 6300, '2022-11-29 07:04:11'),
(165, 27, 1, 35000, '2022-11-29 07:04:11'),
(166, 27, 5, 2000, '2022-11-29 07:04:11'),
(167, 27, 8, 3000, '2022-11-29 07:04:11'),
(168, 28, 1, 10000, '2022-11-29 07:04:11'),
(169, 29, 1, 92000, '2022-11-29 07:04:11'),
(170, 29, 2, 5000, '2022-11-29 07:04:11'),
(171, 29, 3, 15000, '2022-11-29 07:04:11'),
(172, 29, 4, 6000, '2022-11-29 07:04:11'),
(173, 29, 5, 8000, '2022-11-29 07:04:11'),
(174, 29, 6, 4000, '2022-11-29 07:04:11'),
(175, 29, 7, 11700, '2022-11-29 07:04:11'),
(176, 29, 8, 11700, '2022-11-29 07:04:11'),
(177, 30, 1, 75000, '2022-11-29 07:04:11'),
(178, 30, 2, 5000, '2022-11-29 07:04:11'),
(179, 30, 3, 15000, '2022-11-29 07:04:11'),
(180, 30, 4, 5000, '2022-11-29 07:04:11'),
(181, 30, 5, 7000, '2022-11-29 07:04:11'),
(182, 30, 6, 3000, '2022-11-29 07:04:11'),
(183, 30, 7, 9900, '2022-11-29 07:04:11'),
(184, 30, 8, 9900, '2022-11-29 07:04:11'),
(185, 31, 1, 65000, '2022-11-29 07:04:11'),
(186, 31, 2, 3000, '2022-11-29 07:04:11'),
(187, 31, 3, 10000, '2022-11-29 07:04:11'),
(188, 31, 4, 2000, '2022-11-29 07:04:11'),
(189, 31, 5, 5000, '2022-11-29 07:04:11'),
(190, 31, 7, 7650, '2022-11-29 07:04:11'),
(191, 31, 8, 7650, '2022-11-29 07:04:11'),
(192, 32, 1, 60000, '2022-11-29 07:04:11'),
(193, 32, 2, 3000, '2022-11-29 07:04:11'),
(194, 32, 3, 13000, '2022-11-29 07:04:11'),
(195, 32, 5, 4000, '2022-11-29 07:04:11'),
(196, 32, 7, 7200, '2022-11-29 07:04:11'),
(197, 32, 8, 7200, '2022-11-29 07:04:11'),
(198, 33, 1, 40000, '2022-11-29 07:04:11'),
(199, 33, 5, 5000, '2022-11-29 07:04:11'),
(200, 33, 7, 4050, '2022-11-29 07:04:11'),
(201, 33, 8, 4050, '2022-11-29 07:04:11');

-- --------------------------------------------------------

--
-- Table structure for table `working_status`
--

CREATE TABLE `working_status` (
  `id` bigint(20) UNSIGNED NOT NULL,
  `description` varchar(25) NOT NULL CHECK (`description` <> '')
) ENGINE=InnoDB DEFAULT CHARSET=utf8mb4;

--
-- Dumping data for table `working_status`
--

INSERT INTO `working_status` (`id`, `description`) VALUES
(1, 'working'),
(2, 'expired'),
(3, 'retired'),
(4, 'suspended');

--
-- Indexes for dumped tables
--

--
-- Indexes for table `designations`
--
ALTER TABLE `designations`
  ADD PRIMARY KEY (`id`);

--
-- Indexes for table `employees`
--
ALTER TABLE `employees`
  ADD PRIMARY KEY (`id`),
  ADD UNIQUE KEY `phone` (`phone`);

--
-- Indexes for table `locations`
--
ALTER TABLE `locations`
  ADD PRIMARY KEY (`id`);

--
-- Indexes for table `salaries`
--
ALTER TABLE `salaries`
  ADD PRIMARY KEY (`id`);

--
-- Indexes for table `salary_components`
--
ALTER TABLE `salary_components`
  ADD PRIMARY KEY (`id`);

--
-- Indexes for table `salary_details`
--
ALTER TABLE `salary_details`
  ADD PRIMARY KEY (`id`);

--
-- Indexes for table `working_status`
--
ALTER TABLE `working_status`
  ADD PRIMARY KEY (`id`);

--
-- AUTO_INCREMENT for dumped tables
--

--
-- AUTO_INCREMENT for table `designations`
--
ALTER TABLE `designations`
  MODIFY `id` bigint(20) UNSIGNED NOT NULL AUTO_INCREMENT, AUTO_INCREMENT=6;

--
-- AUTO_INCREMENT for table `employees`
--
ALTER TABLE `employees`
  MODIFY `id` bigint(20) UNSIGNED NOT NULL AUTO_INCREMENT, AUTO_INCREMENT=21;

--
-- AUTO_INCREMENT for table `locations`
--
ALTER TABLE `locations`
  MODIFY `id` bigint(20) UNSIGNED NOT NULL AUTO_INCREMENT, AUTO_INCREMENT=7;

--
-- AUTO_INCREMENT for table `salaries`
--
ALTER TABLE `salaries`
  MODIFY `id` bigint(20) UNSIGNED NOT NULL AUTO_INCREMENT, AUTO_INCREMENT=34;

--
-- AUTO_INCREMENT for table `salary_components`
--
ALTER TABLE `salary_components`
  MODIFY `id` bigint(20) UNSIGNED NOT NULL AUTO_INCREMENT, AUTO_INCREMENT=9;

--
-- AUTO_INCREMENT for table `salary_details`
--
ALTER TABLE `salary_details`
  MODIFY `id` bigint(20) UNSIGNED NOT NULL AUTO_INCREMENT, AUTO_INCREMENT=202;

--
-- AUTO_INCREMENT for table `working_status`
--
ALTER TABLE `working_status`
  MODIFY `id` bigint(20) UNSIGNED NOT NULL AUTO_INCREMENT, AUTO_INCREMENT=5;
COMMIT;

/*!40101 SET CHARACTER_SET_CLIENT=@OLD_CHARACTER_SET_CLIENT */;
/*!40101 SET CHARACTER_SET_RESULTS=@OLD_CHARACTER_SET_RESULTS */;
/*!40101 SET COLLATION_CONNECTION=@OLD_COLLATION_CONNECTION */;
